Driver ID,Driver Name,Zone,Bus Assigned
8639,Jessica Mitchell,Port Andrew,
6207,Christopher Hunt,West Kimberlystad,S3TJR
1263,Elizabeth Moore,Kington,ZWI3M
3406,Thomas Torres DDS,Lyonsview,
9201,Kelly Nguyen,New Ronald,
1172,Carrie Robinson,Amandahaven,54SAI
1890,Jose Henry,Port Kathryn,5U7YV
3353,Stephanie Kennedy,East Michaelstad,PY3I9
4659,Lindsay King,Sarahview,HO7MF
5821,Claudia Perez,East Samuelborough,
2119,Vanessa West,South Annetown,
5013,Daniel Jones,Paulview,HDCB4
7632,Donna Horne,New John,GFDOD
1372,Tracy Moore,Millsfurt,7EYH6
9256,Charles Lowe,Millertown,PEZ7F
4212,Tyrone Ellison,Rosestad,O2Q6Q
9682,Krystal Lawrence,Johnborough,EYJMO
3302,Dawn Cruz,South Cameronburgh,
1956,Paula Li,Theresamouth,EGLSH
5292,Ashley Davis,Grantstad,
7690,James Bishop,Stevenland,8SKPX
1122,Jennifer Scott,Garybury,YUT78
6670,Stephanie Gomez,North Blake,BW6OY
8056,Robert Reynolds,Rossbury,
1084,Shannon Davis,Lake Michaelmouth,
9355,Robert Martin,North Emilyborough,
9441,Jocelyn Diaz,East Ryan,H8WR0
7988,Robert Olson,Port Claire,IFPUA
2089,Heidi Payne,Phillipsside,6WIT6
7139,Daniel Garcia,South Joyton,T6C5K
5304,Jennifer Massey,Port Lisaville,
7786,Carlos Franco,East Tyler,X7OC8
6032,Christopher Miller,Danielberg,
3922,Miguel Ward,East Jamesburgh,
7417,Jennifer Vincent,East Katieland,KULX0
4747,Heidi Harper,Port Tiffanyfurt,KMZ6K
4306,Jennifer Higgins,Woodland,QQL9P
6592,Jason Farley,Murphyfort,FDN7D
2054,Lisa King,Lake Elizabeth,
1062,Ashley Edwards,East Brian,
1782,Christine Wilson,Rosariostad,VGOIT
3922,Joshua Swanson,West Gary,KLLWX
4597,Nancy Delgado,Jennifertown,
5511,Natasha Harrison,Hartchester,TQ1QX
6664,Jeffrey Rodriguez,Michellebury,
5479,Mackenzie Leon MD,Heatherville,
8137,Michael Gutierrez,New Daniel,49BT1
4219,Michael Smith MD,Port Lisabury,YX61I
1503,Jennifer Rivera,New Christineside,
5197,Elizabeth Robertson,Brownfort,2WJQK
2185,Amy Warner,Alexaport,
9461,Lauren Edwards,Shaneshire,X53RM
6669,Cory Ward,Aprilstad,
6344,Jeanne Andrews,Port Codyport,
5397,Kyle Ward,West Tracyport,
5372,Shaun Morales,Daviston,
5952,Amanda Dodson,Gabriellamouth,
6251,Matthew Huff,West Brittanychester,LU873
2971,Deborah Pena,North Davidfurt,
3281,Robert Leach,Robertmouth,OGOTQ
1593,James Landry,Mullinsbury,
1337,Melissa Green,Brownland,LJL36
5306,Ronald Smith,Nicoleland,
3007,Robert Jefferson,Autumnmouth,AEBBN
1886,Robert Smith,Meyerville,SKH44
6523,Leslie Bishop,Brittanyshire,
2600,Christopher Diaz,West Sandrafort,H8RWR
3709,Paul Hill,North Rickey,HPLX5
4887,Mary Williams,North Darrylborough,0GNZ4
5812,Amy Patterson,Evanschester,
9898,Joshua Evans,South Jeremiah,5EDFK
8321,Tony Blevins,West Kathrynberg,
7015,Carmen Warren,Taylorburgh,
4047,Curtis Cruz,Charlestown,
1820,Richard Bradshaw,Josephside,
8414,Fernando Carroll,East Stephen,
8307,Adam Lewis,Herrington,HPHEX
8732,Heather Caldwell,West Lisa,
1332,Christopher Benitez,East Travisberg,55V0C
5753,Scott Ruiz,Ramirezfurt,VB7I7
2287,Andrew Simmons,South Catherinemouth,9FUFQ
8078,Christopher Anderson,New Tina,G4SYC
2944,Susan Conway,Gregoryborough,
1373,Cory Day,Kelseyfort,
3740,Cheryl Grant,Kelleymouth,ZPZBF
1717,Danielle Jones MD,East Michael,I99TP
2779,Benjamin Lopez,South Ronaldmouth,
9662,Robert Johnson,Torresfurt,MSDX2
4895,Eugene Skinner,East Erikfurt,JSDWX
2922,Margaret Kim,North Katherine,NH8JU
8261,Eric Johnson,Wayneshire,UV46U
7166,Jacob Anderson,Davidfort,GMVIB
8176,Rebekah Mcdaniel,Brownside,
1716,Lauren Wise,Goodwintown,
8747,Kelly Lowe,Jennifermouth,
4832,Peter Sanford,Port Steven,
3221,Barbara Bradford,Tinafort,JTN7X
9468,Bobby Howard,Hernandezfort,K4EBB
4429,Kayla Yates,West Sharon,
3020,Marilyn Greene,Port Amanda,6BCU0
